Product,count,mean,std,min,25%,50%,75%,max
Mortgage,36582.0,1470.1098627740419,1154.3914455758506,13.0,622.0,1129.0,2033.0,31369.0
